{"cameraMode":{"drawMode":0,"name":"Shaded","section":"Shading Mode"},"sceneLighting":false,"audioPlay":false,"sceneViewState":{"showFog":true,"showMaterialUpdate":false,"showSkybox":false,"showFlares":true,"showImageEffects":true,"showParticleSystems":true},"in2DMode":false,"pivot":{"x":5.464964866638184,"y":-1.3671875,"z":3.820415496826172},"rotation":{"x":0.18566937744617463,"y":0.503178596496582,"z":-0.11167453229427338,"w":0.8365811705589294},"size":7.117213726043701,"orthographic":false}