{"cameraMode":{"drawMode":0,"name":"Shaded","section":"Shading Mode"},"sceneLighting":false,"audioPlay":false,"sceneViewState":{"showFog":true,"showMaterialUpdate":false,"showSkybox":false,"showFlares":true,"showImageEffects":true,"showParticleSystems":true},"in2DMode":false,"pivot":{"x":-0.07405257225036621,"y":0.5299438238143921,"z":-0.33140313625335696},"rotation":{"x":-0.015179472975432873,"y":0.9828435182571411,"z":-0.15760228037834168,"w":-0.09464334696531296},"size":1.5446293354034424,"orthographic":true}