{"cameraMode":{"drawMode":0,"name":"Shaded","section":"Shading Mode"},"sceneLighting":true,"audioPlay":false,"sceneViewState":{"showFog":true,"showMaterialUpdate":false,"showSkybox":true,"showFlares":true,"showImageEffects":true,"showParticleSystems":true},"in2DMode":false,"pivot":{"x":-0.24365234375,"y":14.6455078125,"z":-1.98681640625},"rotation":{"x":0.13153211772441865,"y":-0.5670402646064758,"z":0.09232207387685776,"w":0.8078647255897522},"size":4.684196472167969,"orthographic":true}