{"cameraMode":{"drawMode":0,"name":"Shaded","section":"Shading Mode"},"sceneLighting":true,"audioPlay":false,"sceneViewState":{"showFog":true,"showMaterialUpdate":false,"showSkybox":true,"showFlares":true,"showImageEffects":true,"showParticleSystems":true},"in2DMode":false,"pivot":{"x":65.02610778808594,"y":30.393795013427736,"z":-30.049592971801759},"rotation":{"x":-0.08695408701896668,"y":0.5409874320030212,"z":-0.05636263266205788,"w":-0.8346214294433594},"size":3.0859785079956056,"orthographic":true}